"30471164M","Alma","Garcia","23","Paris"
"3333333M","Iñigo","Parrales","22","Tokyo"
"4444444","Goku","Son","47","London"
"78945612F","Sofia","Lopez","35","New York"
"123456789A","Pedro","Martinez","18","Berlin"
"234567890B","Maria","Gonzalez","42","Rome"
"57728396Y","David","Perez","27","Madrid"
"98384839Q","Laura","Rodriguez","31","Sydney"
"123456789E","Carlos","Sanchez","25","Moscu"
"234367890F","Isabel","Jimenez","50","Buenos Aires"
"567890133G","Javier","Garcia","19","Mexico City"
"890123456H","Ana","Martin","22","São Paulo"
"123456789I","Pablo","Lopez","38","Cairo"
"234567890J","Sandra","Gonzalez","45","Beijing"
"567890123K","Roberto","Perez","29","Delhi"
"890133456L","Veronica","Rodriguez","33","Ottawa"
"123456789M","Alejandro","Sanchez","26","Stockholm"
"234567890N","Cristina","Jimenez","52","Vienna"
"567890123O","Luis","Garcia","20","Copenhagen"
"890123456P","Beatriz","Martin","24","Amsterdam"
"123456789Q","Diego","Lopez","39","Budapest"
"234567890R","Marta","Gonzalez","46","Warsaw"